pclass;sex;age;sibsp;parch;fare;embarked;survived
1st;female;29;0;0;211,3375;S;yes
1st;female;2;1;2;151,55;S;no
1st;male;30;1;2;151,55;S;no
1st;female;25;1;2;151,55;S;no
1st;male;48;0;0;26,55;S;yes
1st;female;63;1;0;77,9583;S;yes
1st;male;39;0;0;0;S;no
1st;female;53;2;0;51,4792;S;yes
1st;male;71;0;0;49,5042;C;no
1st;male;47;1;0;227,525;C;no
1st;female;18;1;0;227,525;C;yes
1st;female;24;0;0;69,3;C;yes
1st;female;26;0;0;78,85;S;yes
1st;male;80;0;0;30;S;yes
1st;male;24;0;1;247,5208;C;no
1st;female;50;0;1;247,5208;C;yes
1st;female;32;0;0;76,2917;C;yes
1st;male;36;0;0;75,2417;C;no
1st;male;37;1;1;52,5542;S;yes
1st;female;47;1;1;52,5542;S;yes
1st;male;26;0;0;30;C;yes
1st;female;42;0;0;227,525;C;yes
1st;female;29;0;0;221,7792;S;yes
1st;male;25;0;0;26;C;no
1st;male;25;1;0;91,0792;C;yes
1st;female;19;1;0;91,0792;C;yes
1st;female;35;0;0;135,6333;S;yes
1st;male;28;0;0;26,55;S;yes
1st;male;45;0;0;35,5;S;no
1st;male;40;0;0;31;C;yes
1st;female;30;0;0;164,8667;S;yes
1st;female;58;0;0;26,55;S;yes
1st;male;42;0;0;26,55;S;no
1st;female;45;0;0;262,375;C;yes
1st;female;22;0;1;55;S;yes
1st;male;41;0;0;30,5;S;no
1st;male;48;0;0;50,4958;C;no
1st;female;44;0;0;27,7208;C;yes
1st;female;59;2;0;51,4792;S;yes
1st;female;60;0;0;76,2917;C;yes
1st;female;41;0;0;134,5;C;yes
1st;male;45;0;0;26,55;S;no
1st;male;42;0;0;26,2875;S;yes
1st;female;53;0;0;27,4458;C;yes
1st;male;36;0;1;512,3292;C;yes
1st;female;58;0;1;512,3292;C;yes
1st;male;33;0;0;5;S;no
1st;male;28;0;0;47,1;S;no
1st;male;17;0;0;47,1;S;no
1st;male;11;1;2;120;S;yes
1st;female;14;1;2;120;S;yes
1st;male;36;1;2;120;S;yes
1st;female;36;1;2;120;S;yes
1st;male;49;0;0;26;S;no
1st;male;36;1;0;78,85;S;no
1st;female;76;1;0;78,85;S;yes
1st;male;46;1;0;61,175;S;no
1st;female;47;1;0;61,175;S;yes
1st;male;27;1;0;53,1;S;yes
1st;female;33;1;0;53,1;S;yes
1st;female;36;0;0;262,375;C;yes
1st;female;30;0;0;86,5;S;yes
1st;male;45;0;0;29,7;C;yes
1st;male;27;1;0;136,7792;C;no
1st;female;26;1;0;136,7792;C;yes
1st;female;22;0;0;151,55;S;yes
1st;male;47;0;0;25,5875;S;no
1st;female;39;1;1;83,1583;C;yes
1st;male;37;1;1;83,1583;C;no
1st;female;64;0;2;83,1583;C;yes
1st;female;55;2;0;25,7;S;yes
1st;male;70;1;1;71;S;no
1st;female;36;0;2;71;S;yes
1st;female;64;1;1;26,55;S;yes
1st;male;39;1;0;71,2833;C;no
1st;female;38;1;0;71,2833;C;yes
1st;male;51;0;0;26,55;S;yes
1st;male;27;0;0;30,5;S;yes
1st;female;33;0;0;151,55;S;yes
1st;male;31;1;0;52;S;no
1st;female;27;1;2;52;S;yes
1st;male;31;1;0;57;S;yes
1st;female;17;1;0;57;S;yes
1st;male;53;1;1;81,8583;S;yes
1st;male;4;0;2;81,8583;S;yes
1st;female;54;1;1;81,8583;S;yes
1st;male;50;1;0;106,425;C;no
1st;female;27;1;1;247,5208;C;yes
1st;female;48;1;0;106,425;C;yes
1st;female;48;1;0;39,6;C;yes
1st;male;49;1;0;56,9292;C;yes
1st;male;39;0;0;29,7;C;no
1st;female;23;0;1;83,1583;C;yes
1st;female;38;0;0;227,525;C;yes
1st;female;54;1;0;78,2667;C;yes
1st;female;36;0;0;31,6792;C;no
1st;male;36;0;0;26,3875;S;yes
1st;male;30;0;0;27,75;C;no
1st;female;24;3;2;263;S;yes
1st;female;28;3;2;263;S;yes
1st;female;23;3;2;263;S;yes
1st;male;19;3;2;263;S;no
1st;male;64;1;4;263;S;no
1st;female;60;1;4;263;S;yes
1st;female;30;0;0;56,9292;C;yes
1st;male;50;2;0;133,65;S;yes
1st;male;43;1;0;27,7208;C;yes
1st;female;22;0;2;49,5;C;yes
1st;male;60;1;1;79,2;C;yes
1st;female;48;1;1;79,2;C;yes
1st;male;37;1;0;53,1;S;no
1st;female;35;1;0;53,1;S;yes
1st;male;47;0;0;38,5;S;no
1st;female;35;0;0;211,5;C;yes
1st;female;22;0;1;59,4;C;yes
1st;female;45;0;1;59,4;C;yes
1st;male;24;0;0;79,2;C;no
1st;male;49;1;0;89,1042;C;yes
1st;male;71;0;0;34,6542;C;no
1st;male;53;0;0;28,5;C;yes
1st;female;19;0;0;30;S;yes
1st;male;38;0;1;153,4625;S;no
1st;female;58;0;1;153,4625;S;yes
1st;male;23;0;1;63,3583;C;yes
1st;female;45;0;1;63,3583;C;yes
1st;male;46;0;0;79,2;C;no
1st;male;25;1;0;55,4417;C;yes
1st;female;25;1;0;55,4417;C;yes
1st;male;48;1;0;76,7292;C;yes
1st;female;49;1;0;76,7292;C;yes
1st;male;45;1;0;83,475;S;no
1st;female;35;1;0;83,475;S;yes
1st;male;40;0;0;0;S;no
1st;male;27;0;0;76,7292;C;yes
1st;female;24;0;0;83,1583;C;yes
1st;male;55;1;1;93,5;S;no
1st;female;52;1;1;93,5;S;yes
1st;male;42;0;0;42,5;S;no
1st;male;55;0;0;50;S;no
1st;female;16;0;1;57,9792;C;yes
1st;female;44;0;1;57,9792;C;yes
1st;female;51;1;0;77,9583;S;yes
1st;male;42;1;0;52;S;no
1st;female;35;1;0;52;S;yes
1st;male;35;0;0;26,55;C;yes
1st;male;38;1;0;90;S;yes
1st;female;35;1;0;90;S;yes
1st;female;50;0;0;28,7125;C;no
1st;male;49;0;0;0;S;yes
1st;male;46;0;0;26;S;no
1st;male;50;0;0;26;S;no
1st;male;32,5;0;0;211,5;C;no
1st;male;58;0;0;29,7;C;no
1st;male;41;1;0;51,8625;S;no
1st;male;42;1;0;52,5542;S;yes
1st;female;45;1;0;52,5542;S;yes
1st;female;39;0;0;211,3375;S;yes
1st;female;49;0;0;25,9292;S;yes
1st;female;30;0;0;106,425;C;yes
1st;male;35;0;0;512,3292;C;yes
1st;male;42;0;0;26,55;S;no
1st;female;55;0;0;27,7208;C;yes
1st;female;16;0;1;39,4;S;yes
1st;female;51;0;1;39,4;S;yes
1st;male;29;0;0;30;S;no
1st;female;21;0;0;77,9583;S;yes
1st;male;30;0;0;45,5;S;no
1st;female;58;0;0;146,5208;C;yes
1st;female;15;0;1;211,3375;S;yes
1st;male;30;0;0;26;S;no
1st;female;16;0;0;86,5;S;yes
1st;male;19;1;0;53,1;S;no
1st;female;18;1;0;53,1;S;yes
1st;female;24;0;0;49,5042;C;yes
1st;male;46;0;0;75,2417;C;no
1st;male;54;0;0;51,8625;S;no
1st;male;36;0;0;26,2875;S;yes
1st;male;28;1;0;82,1708;C;no
1st;male;65;0;0;26,55;S;no
1st;male;44;2;0;90;Q;no
1st;female;33;1;0;90;Q;yes
1st;female;37;1;0;90;Q;yes
1st;male;30;1;0;57,75;C;yes
1st;male;55;0;0;30,5;S;no
1st;male;47;0;0;42,4;S;no
1st;male;37;0;1;29,7;C;no
1st;female;31;1;0;113,275;C;yes
1st;female;23;1;0;113,275;C;yes
1st;male;58;0;2;113,275;C;no
1st;female;19;0;2;26,2833;S;yes
1st;male;64;0;0;26;S;no
1st;female;39;0;0;108,9;C;yes
1st;female;22;0;1;61,9792;C;yes
1st;male;65;0;1;61,9792;C;no
1st;male;28,5;0;0;27,7208;C;no
1st;male;45,5;0;0;28,5;S;no
1st;male;23;0;0;93,5;S;no
1st;male;29;1;0;66,6;S;no
1st;female;22;1;0;66,6;S;yes
1st;male;18;1;0;108,9;C;no
1st;female;17;1;0;108,9;C;yes
1st;female;30;0;0;93,5;S;yes
1st;male;52;0;0;30,5;S;yes
1st;male;47;0;0;52;S;no
1st;female;56;0;1;83,1583;C;yes
1st;male;38;0;0;0;S;no
1st;male;22;0;0;135,6333;C;no
1st;female;43;0;1;211,3375;S;yes
1st;male;31;0;0;50,4958;S;no
1st;male;45;0;0;26,55;S;yes
1st;female;33;0;0;27,7208;C;yes
1st;male;46;0;0;79,2;C;no
1st;male;36;0;0;40,125;C;no
1st;female;33;0;0;86,5;S;yes
1st;male;55;1;0;59,4;C;no
1st;female;54;1;0;59,4;C;yes
1st;male;33;0;0;26,55;S;no
1st;male;13;2;2;262,375;C;yes
1st;female;18;2;2;262,375;C;yes
1st;female;21;2;2;262,375;C;yes
1st;male;61;1;3;262,375;C;no
1st;female;48;1;3;262,375;C;yes
1st;female;24;0;0;69,3;C;yes
1st;female;35;1;0;57,75;C;yes
1st;female;30;0;0;31;C;yes
1st;male;34;0;0;26,55;S;yes
1st;female;40;0;0;153,4625;S;yes
1st;male;35;0;0;26,2875;S;yes
1st;male;50;1;0;55,9;S;no
1st;female;39;1;0;55,9;S;yes
1st;male;56;0;0;35,5;C;yes
1st;male;28;0;0;35,5;S;yes
1st;male;56;0;0;26,55;S;no
1st;male;56;0;0;30,6958;C;no
1st;male;24;1;0;60;S;no
1st;female;18;1;0;60;S;yes
1st;male;24;1;0;82,2667;S;yes
1st;female;23;1;0;82,2667;S;yes
1st;male;6;0;2;134,5;C;yes
1st;male;45;1;1;134,5;C;yes
1st;female;40;1;1;134,5;C;yes
1st;male;57;1;0;146,5208;C;no
1st;male;32;0;0;30,5;C;yes
1st;male;62;0;0;26,55;S;no
1st;male;54;1;0;55,4417;C;yes
1st;female;43;1;0;55,4417;C;yes
1st;female;52;1;0;78,2667;C;yes
1st;male;67;1;0;221,7792;S;no
1st;female;63;1;0;221,7792;S;no
1st;male;61;0;0;32,3208;S;no
1st;female;48;0;0;25,9292;S;yes
1st;female;18;0;2;79,65;S;yes
1st;male;52;1;1;79,65;S;no
1st;female;39;1;1;79,65;S;yes
1st;male;48;1;0;52;S;yes
1st;male;49;1;1;110,8833;C;no
1st;male;17;0;2;110,8833;C;yes
1st;female;39;1;1;110,8833;C;yes
1st;male;31;0;0;28,5375;C;yes
1st;male;40;0;0;27,7208;C;no
1st;male;61;0;0;33,5;S;no
1st;male;47;0;0;34,0208;S;no
1st;female;35;0;0;512,3292;C;yes
1st;male;64;1;0;75,25;C;no
1st;female;60;1;0;75,25;C;yes
1st;male;60;0;0;26,55;S;no
1st;male;54;0;1;77,2875;S;no
1st;male;21;0;1;77,2875;S;no
1st;female;55;0;0;135,6333;C;yes
1st;female;31;0;2;164,8667;S;yes
1st;male;57;1;1;164,8667;S;no
1st;female;45;1;1;164,8667;S;yes
1st;male;50;1;1;211,5;C;no
1st;male;27;0;2;211,5;C;no
1st;female;50;1;1;211,5;C;yes
1st;female;21;0;0;26,55;S;yes
1st;male;51;0;1;61,3792;C;no
1st;male;21;0;1;61,3792;C;yes
1st;female;31;0;0;134,5;C;yes
1st;male;62;0;0;26,55;S;no
1st;female;36;0;0;135,6333;C;yes
2nd;male;30;1;0;24;C;no
2nd;female;28;1;0;24;C;yes
2nd;male;30;0;0;13;S;no
2nd;male;18;0;0;11,5;S;no
2nd;male;25;0;0;10,5;S;no
2nd;male;34;1;0;26;S;no
2nd;female;36;1;0;26;S;yes
2nd;male;57;0;0;13;S;no
2nd;male;18;0;0;11,5;S;no
2nd;male;23;0;0;10,5;S;no
2nd;female;36;0;0;13;S;yes
2nd;male;28;0;0;10,5;S;no
2nd;male;51;0;0;12,525;S;no
2nd;male;32;1;0;26;S;yes
2nd;female;19;1;0;26;S;yes
2nd;male;28;0;0;26;S;no
2nd;male;1;2;1;39;S;yes
2nd;female;4;2;1;39;S;yes
2nd;female;12;2;1;39;S;yes
2nd;female;36;0;3;39;S;yes
2nd;male;34;0;0;13;S;yes
2nd;female;19;0;0;13;S;yes
2nd;male;23;0;0;13;S;no
2nd;male;26;0;0;13;S;no
2nd;male;42;0;0;13;S;no
2nd;male;27;0;0;13;S;no
2nd;female;24;0;0;13;S;yes
2nd;female;15;0;2;39;S;yes
2nd;male;60;1;1;39;S;no
2nd;female;40;1;1;39;S;yes
2nd;female;20;1;0;26;S;yes
2nd;male;25;1;0;26;S;no
2nd;female;36;0;0;13;S;yes
2nd;male;25;0;0;13;S;no
2nd;male;42;0;0;13;S;no
2nd;female;42;0;0;13;S;yes
2nd;male;0,8333;0;2;29;S;yes
2nd;male;26;1;1;29;S;yes
2nd;female;22;1;1;29;S;yes
2nd;female;35;0;0;21;S;yes
2nd;male;19;0;0;13;S;no
2nd;female;44;1;0;26;S;no
2nd;male;54;1;0;26;S;no
2nd;male;52;0;0;13,5;S;no
2nd;male;37;1;0;26;S;no
2nd;female;29;1;0;26;S;no
2nd;female;25;1;1;30;S;yes
2nd;female;45;0;2;30;S;yes
2nd;male;29;1;0;26;S;no
2nd;female;28;1;0;26;S;yes
2nd;male;29;0;0;10,5;S;no
2nd;male;28;0;0;13;S;no
2nd;male;24;0;0;10,5;S;yes
2nd;female;8;0;2;26,25;S;yes
2nd;male;31;1;1;26,25;S;no
2nd;female;31;1;1;26,25;S;yes
2nd;female;22;0;0;10,5;S;yes
2nd;female;30;0;0;13;S;no
2nd;male;21;0;0;11,5;S;no
2nd;male;8;1;1;36,75;S;yes
2nd;male;18;0;0;73,5;S;no
2nd;female;48;0;2;36,75;S;yes
2nd;female;28;0;0;13;S;yes
2nd;male;32;0;0;13;S;no
2nd;male;17;0;0;73,5;S;no
2nd;male;29;1;0;27,7208;C;no
2nd;female;24;1;0;27,7208;C;yes
2nd;male;25;0;0;31,5;S;no
2nd;male;18;0;0;73,5;S;no
2nd;female;18;0;1;23;S;yes
2nd;female;34;0;1;23;S;yes
2nd;male;54;0;0;26;S;no
2nd;male;8;0;2;32,5;S;yes
2nd;male;42;1;1;32,5;S;no
2nd;female;34;1;1;32,5;S;yes
2nd;female;27;1;0;13,8583;C;yes
2nd;female;30;1;0;13,8583;C;yes
2nd;male;23;0;0;13;S;no
2nd;male;21;0;0;13;S;no
2nd;male;18;0;0;13;S;no
2nd;male;40;1;0;26;S;no
2nd;female;29;1;0;26;S;yes
2nd;male;18;0;0;10,5;S;no
2nd;male;36;0;0;13;S;no
2nd;female;38;0;0;13;S;no
2nd;male;35;0;0;26;S;no
2nd;male;38;1;0;21;S;no
2nd;male;34;1;0;21;S;no
2nd;female;34;0;0;13;S;yes
2nd;male;16;0;0;26;S;no
2nd;male;26;0;0;10,5;S;no
2nd;male;47;0;0;10,5;S;no
2nd;male;21;1;0;11,5;S;no
2nd;male;21;1;0;11,5;S;no
2nd;male;24;0;0;13,5;S;no
2nd;male;24;0;0;13;S;no
2nd;male;34;0;0;13;S;no
2nd;male;30;0;0;13;S;no
2nd;male;52;0;0;13;S;no
2nd;male;30;0;0;13;S;no
2nd;male;0,6667;1;1;14,5;S;yes
2nd;female;24;0;2;14,5;S;yes
2nd;male;44;0;0;13;S;no
2nd;female;6;0;1;33;S;yes
2nd;male;28;0;1;33;S;no
2nd;male;62;0;0;10,5;S;yes
2nd;male;30;0;0;10,5;S;no
2nd;female;7;0;2;26,25;S;yes
2nd;male;43;1;1;26,25;S;no
2nd;female;45;1;1;26,25;S;yes
2nd;female;24;1;2;65;S;yes
2nd;female;24;1;2;65;S;yes
2nd;male;49;1;2;65;S;no
2nd;female;48;1;2;65;S;yes
2nd;female;55;0;0;16;S;yes
2nd;male;24;2;0;73,5;S;no
2nd;male;32;2;0;73,5;S;no
2nd;male;21;2;0;73,5;S;no
2nd;female;18;1;1;13;S;no
2nd;female;20;2;1;23;S;yes
2nd;male;23;2;1;11,5;S;no
2nd;male;36;0;0;13;S;no
2nd;female;54;1;3;23;S;yes
2nd;male;50;0;0;13;S;no
2nd;male;44;1;0;26;S;no
2nd;female;29;1;0;26;S;yes
2nd;male;21;0;0;73,5;S;no
2nd;male;42;0;0;13;S;yes
2nd;male;63;1;0;26;S;no
2nd;female;60;1;0;26;S;no
2nd;male;33;0;0;12,275;S;no
2nd;female;17;0;0;10,5;S;yes
2nd;male;42;1;0;27;S;no
2nd;female;24;2;1;27;S;yes
2nd;male;47;0;0;15;S;no
2nd;male;24;2;0;31,5;S;no
2nd;male;22;2;0;31,5;S;no
2nd;male;32;0;0;10,5;S;no
2nd;female;23;0;0;13,7917;C;yes
2nd;male;34;1;0;26;S;no
2nd;female;24;1;0;26;S;yes
2nd;female;22;0;0;21;S;no
2nd;male;35;0;0;12,35;Q;no
2nd;female;45;0;0;13,5;S;yes
2nd;male;57;0;0;12,35;Q;no
2nd;male;31;0;0;10,5;S;no
2nd;female;26;1;1;26;S;no
2nd;male;30;1;1;26;S;no
2nd;female;1;1;2;41,5792;C;yes
2nd;female;3;1;2;41,5792;C;yes
2nd;male;25;1;2;41,5792;C;no
2nd;female;22;1;2;41,5792;C;yes
2nd;female;17;0;0;12;C;yes
2nd;female;34;0;0;10,5;S;yes
2nd;male;36;0;0;12,875;C;no
2nd;male;24;0;0;10,5;S;no
2nd;male;61;0;0;12,35;Q;no
2nd;male;50;1;0;26;S;no
2nd;female;42;1;0;26;S;yes
2nd;female;57;0;0;10,5;S;no
2nd;male;1;0;2;37,0042;C;yes
2nd;male;31;1;1;37,0042;C;no
2nd;female;24;1;1;37,0042;C;yes
2nd;male;30;0;0;13;S;no
2nd;male;40;0;0;16;S;no
2nd;male;32;0;0;13,5;S;no
2nd;male;30;0;0;13;S;no
2nd;male;46;0;0;26;S;no
2nd;female;13;0;1;19,5;S;yes
2nd;female;41;0;1;19,5;S;yes
2nd;male;19;0;0;10,5;S;yes
2nd;male;39;0;0;13;S;no
2nd;male;48;0;0;13;S;no
2nd;male;70;0;0;10,5;S;no
2nd;male;27;0;0;13;S;no
2nd;male;54;0;0;14;S;no
2nd;male;39;0;0;26;S;no
2nd;male;16;0;0;10,5;S;no
2nd;male;62;0;0;9,6875;Q;no
2nd;male;32,5;1;0;30,0708;C;no
2nd;female;14;1;0;30,0708;C;yes
2nd;male;2;1;1;26;S;yes
2nd;male;3;1;1;26;S;yes
2nd;male;36,5;0;2;26;S;no
2nd;male;26;0;0;13;S;no
2nd;male;19;1;1;36,75;S;no
2nd;male;28;0;0;13,5;S;no
2nd;male;20;0;0;13,8625;C;yes
2nd;female;29;0;0;10,5;S;yes
2nd;male;39;0;0;13;S;no
2nd;male;22;0;0;10,5;S;yes
2nd;male;23;0;0;10,5;S;no
2nd;male;29;0;0;13,8583;C;yes
2nd;male;28;0;0;10,5;S;no
2nd;female;50;0;1;26;S;yes
2nd;male;19;0;0;10,5;S;no
2nd;male;41;0;0;13;S;no
2nd;female;21;0;1;21;S;yes
2nd;female;19;0;0;26;S;yes
2nd;male;43;0;1;21;S;no
2nd;female;32;0;0;13;S;yes
2nd;male;34;0;0;13;S;no
2nd;male;30;0;0;12,7375;C;yes
2nd;male;27;0;0;15,0333;C;no
2nd;female;2;1;1;26;S;yes
2nd;female;8;1;1;26;S;yes
2nd;female;33;0;2;26;S;yes
2nd;male;36;0;0;10,5;S;no
2nd;male;34;1;0;21;S;no
2nd;female;30;3;0;21;S;yes
2nd;female;28;0;0;13;S;yes
2nd;male;23;0;0;15,0458;C;no
2nd;male;0,8333;1;1;18,75;S;yes
2nd;male;3;1;1;18,75;S;yes
2nd;female;24;2;3;18,75;S;yes
2nd;female;50;0;0;10,5;S;yes
2nd;male;19;0;0;10,5;S;no
2nd;female;21;0;0;10,5;S;yes
2nd;male;26;0;0;13;S;no
2nd;male;25;0;0;13;S;no
2nd;male;27;0;0;26;S;no
2nd;female;25;0;1;26;S;yes
2nd;female;18;0;2;13;S;yes
2nd;female;20;0;0;36,75;S;yes
2nd;female;30;0;0;13;S;yes
2nd;male;59;0;0;13,5;S;no
2nd;female;30;0;0;12,35;Q;yes
2nd;male;35;0;0;10,5;S;no
2nd;female;40;0;0;13;S;yes
2nd;male;25;0;0;13;S;no
2nd;male;41;0;0;15,0458;C;no
2nd;male;25;0;0;10,5;S;no
2nd;male;18,5;0;0;13;S;no
2nd;male;14;0;0;65;S;no
2nd;female;50;0;0;10,5;S;yes
2nd;male;23;0;0;13;S;no
2nd;female;28;0;0;12,65;S;yes
2nd;female;27;0;0;10,5;S;yes
2nd;male;29;1;0;21;S;no
2nd;female;27;1;0;21;S;no
2nd;male;40;0;0;13;S;no
2nd;female;31;0;0;21;S;yes
2nd;male;30;1;0;21;S;no
2nd;male;23;1;0;10,5;S;no
2nd;female;31;0;0;21;S;yes
2nd;female;12;0;0;15,75;S;yes
2nd;female;40;0;0;15,75;S;yes
2nd;female;32,5;0;0;13;S;yes
2nd;male;27;1;0;26;S;no
2nd;female;29;1;0;26;S;yes
2nd;male;2;1;1;23;S;yes
2nd;female;4;1;1;23;S;yes
2nd;female;29;0;2;23;S;yes
2nd;female;0,9167;1;2;27,75;S;yes
2nd;female;5;1;2;27,75;S;yes
2nd;male;36;1;2;27,75;S;no
2nd;female;33;1;2;27,75;S;yes
2nd;male;66;0;0;10,5;S;no
2nd;male;31;0;0;13;S;yes
2nd;female;26;0;0;13,5;S;yes
2nd;female;24;0;0;13;S;no
3rd;male;42;0;0;7,55;S;no
3rd;male;13;0;2;20,25;S;no
3rd;male;16;1;1;20,25;S;no
3rd;female;35;1;1;20,25;S;yes
3rd;female;16;0;0;7,65;S;yes
3rd;male;25;0;0;7,65;S;yes
3rd;male;20;0;0;7,925;S;yes
3rd;female;18;0;0;7,2292;C;yes
3rd;male;30;0;0;7,25;S;no
3rd;male;26;0;0;8,05;S;no
3rd;female;40;1;0;9,475;S;no
3rd;male;0,8333;0;1;9,35;S;yes
3rd;female;18;0;1;9,35;S;yes
3rd;male;26;0;0;18,7875;C;yes
3rd;male;26;0;0;7,8875;S;no
3rd;male;20;0;0;7,925;S;no
3rd;male;24;0;0;7,05;S;no
3rd;male;25;0;0;7,05;S;no
3rd;male;35;0;0;8,05;S;no
3rd;male;18;0;0;8,3;S;no
3rd;male;32;0;0;22,525;S;no
3rd;female;19;1;0;7,8542;S;yes
3rd;male;4;4;2;31,275;S;no
3rd;female;6;4;2;31,275;S;no
3rd;female;2;4;2;31,275;S;no
3rd;female;17;4;2;7,925;S;yes
3rd;female;38;4;2;7,775;S;no
3rd;female;9;4;2;31,275;S;no
3rd;female;11;4;2;31,275;S;no
3rd;male;39;1;5;31,275;S;no
3rd;male;27;0;0;7,7958;S;yes
3rd;male;26;0;0;7,775;S;no
3rd;female;39;1;5;31,275;S;no
3rd;male;20;0;0;7,8542;S;no
3rd;male;26;0;0;7,8958;S;no
3rd;male;25;1;0;17,8;S;no
3rd;female;18;1;0;17,8;S;no
3rd;male;24;0;0;7,775;S;no
3rd;male;35;0;0;7,05;S;no
3rd;male;5;4;2;31,3875;S;no
3rd;male;9;4;2;31,3875;S;no
3rd;male;3;4;2;31,3875;S;yes
3rd;male;13;4;2;31,3875;S;no
3rd;female;5;4;2;31,3875;S;yes
3rd;male;40;1;5;31,3875;S;no
3rd;male;23;0;0;7,7958;S;yes
3rd;female;38;1;5;31,3875;S;yes
3rd;female;45;0;0;7,225;C;yes
3rd;male;21;0;0;7,225;C;no
3rd;male;23;0;0;7,05;S;no
3rd;female;17;0;0;14,4583;C;no
3rd;male;30;0;0;7,225;C;no
3rd;male;23;0;0;7,8542;S;no
3rd;female;13;0;0;7,2292;C;yes
3rd;male;20;0;0;7,225;C;no
3rd;male;32;1;0;15,85;S;no
3rd;female;33;3;0;15,85;S;yes
3rd;female;0,75;2;1;19,2583;C;yes
3rd;female;0,75;2;1;19,2583;C;yes
3rd;female;5;2;1;19,2583;C;yes
3rd;female;24;0;3;19,2583;C;yes
3rd;female;18;0;0;8,05;S;yes
3rd;male;40;0;0;7,225;C;no
3rd;male;26;0;0;7,8958;S;no
3rd;male;20;0;0;7,2292;C;yes
3rd;female;18;0;1;14,4542;C;no
3rd;female;45;0;1;14,4542;C;no
3rd;female;27;0;0;7,8792;Q;no
3rd;male;22;0;0;8,05;S;no
3rd;male;19;0;0;8,05;S;no
3rd;male;26;0;0;7,775;S;no
3rd;male;22;0;0;9,35;S;no
3rd;male;20;0;0;4,0125;C;no
3rd;male;32;0;0;56,4958;S;yes
3rd;male;21;0;0;7,775;S;no
3rd;male;18;0;0;7,75;S;no
3rd;male;26;0;0;7,8958;S;no
3rd;male;6;1;1;15,2458;C;no
3rd;female;9;1;1;15,2458;C;no
3rd;male;40;1;1;15,5;Q;no
3rd;female;32;1;1;15,5;Q;no
3rd;male;21;0;0;16,1;S;no
3rd;female;22;0;0;7,725;Q;yes
3rd;female;20;0;0;7,8542;S;no
3rd;male;29;1;0;7,0458;S;no
3rd;male;22;1;0;7,25;S;no
3rd;male;22;0;0;7,7958;S;no
3rd;male;35;0;0;8,05;S;no
3rd;female;18,5;0;0;7,2833;Q;no
3rd;male;21;0;0;7,8208;Q;yes
3rd;male;19;0;0;6,75;Q;no
3rd;female;18;0;0;7,8792;Q;no
3rd;female;21;0;0;8,6625;S;no
3rd;female;30;0;0;8,6625;S;no
3rd;male;18;0;0;8,6625;S;no
3rd;male;38;0;0;8,6625;S;no
3rd;male;17;0;0;8,6625;S;no
3rd;male;17;0;0;8,6625;S;no
3rd;female;21;0;0;7,75;Q;no
3rd;male;21;0;0;7,75;Q;no
3rd;male;21;0;0;8,05;S;no
3rd;male;28;0;0;7,7958;S;no
3rd;male;24;0;0;7,8542;S;no
3rd;female;16;0;0;7,75;Q;yes
3rd;female;37;0;0;7,75;Q;no
3rd;male;28;0;0;7,25;S;no
3rd;male;24;0;0;8,05;S;no
3rd;male;21;0;0;7,7333;Q;no
3rd;male;32;0;0;56,4958;S;yes
3rd;male;29;0;0;8,05;S;no
3rd;male;26;1;0;14,4542;C;no
3rd;male;18;1;0;14,4542;C;no
3rd;male;20;0;0;7,05;S;no
3rd;male;18;0;0;8,05;S;yes
3rd;male;24;0;0;7,25;Q;no
3rd;male;36;0;0;7,4958;S;no
3rd;male;24;0;0;7,4958;S;no
3rd;male;31;0;0;7,7333;Q;no
3rd;male;31;0;0;7,75;Q;no
3rd;female;22;0;0;7,75;Q;yes
3rd;female;30;0;0;7,6292;Q;no
3rd;male;70,5;0;0;7,75;Q;no
3rd;male;43;0;0;8,05;S;no
3rd;male;35;0;0;7,8958;S;no
3rd;male;27;0;0;7,8958;S;no
3rd;male;19;0;0;7,8958;S;no
3rd;male;30;0;0;8,05;S;no
3rd;male;9;1;1;15,9;S;yes
3rd;male;3;1;1;15,9;S;yes
3rd;female;36;0;2;15,9;S;yes
3rd;male;59;0;0;7,25;S;no
3rd;male;19;0;0;8,1583;S;no
3rd;female;17;0;1;16,1;S;yes
3rd;male;44;0;1;16,1;S;no
3rd;male;17;0;0;8,6625;S;no
3rd;male;22,5;0;0;7,225;C;no
3rd;male;45;0;0;8,05;S;yes
3rd;female;22;0;0;10,5167;S;no
3rd;male;19;0;0;10,1708;S;no
3rd;female;30;0;0;6,95;Q;yes
3rd;male;29;0;0;7,75;Q;yes
3rd;male;0,3333;0;2;14,4;S;no
3rd;male;34;1;1;14,4;S;no
3rd;female;28;1;1;14,4;S;no
3rd;male;27;0;0;7,8958;S;no
3rd;male;25;0;0;7,8958;S;no
3rd;male;24;2;0;24,15;S;no
3rd;male;22;0;0;8,05;S;no
3rd;male;21;2;0;24,15;S;no
3rd;male;17;2;0;8,05;S;no
3rd;male;36,5;1;0;17,4;S;yes
3rd;female;36;1;0;17,4;S;yes
3rd;male;30;0;0;9,5;S;yes
3rd;male;16;0;0;9,5;S;no
3rd;male;1;1;2;20,575;S;yes
3rd;female;0,1667;1;2;20,575;S;yes
3rd;male;26;1;2;20,575;S;no
3rd;female;33;1;2;20,575;S;yes
3rd;male;25;0;0;7,8958;S;no
3rd;male;22;0;0;7,25;S;no
3rd;male;36;0;0;7,25;S;no
3rd;female;19;0;0;7,8792;Q;yes
3rd;male;17;0;0;7,8958;S;no
3rd;male;42;0;0;8,6625;S;no
3rd;male;43;0;0;7,8958;S;no
3rd;male;32;0;0;7,75;Q;no
3rd;male;19;0;0;8,05;S;yes
3rd;female;30;0;0;12,475;S;yes
3rd;female;24;0;0;7,75;Q;no
3rd;female;23;0;0;8,05;S;yes
3rd;male;33;0;0;7,8958;C;no
3rd;male;65;0;0;7,75;Q;no
3rd;male;24;0;0;7,55;S;yes
3rd;male;23;1;0;13,9;S;no
3rd;female;22;1;0;13,9;S;yes
3rd;male;18;0;0;7,775;S;no
3rd;male;16;0;0;7,775;S;no
3rd;male;45;0;0;6,975;S;no
3rd;male;39;0;2;7,2292;C;no
3rd;male;17;1;1;7,2292;C;no
3rd;male;15;1;1;7,2292;C;no
3rd;male;47;0;0;7,25;S;no
3rd;female;5;0;0;12,475;S;yes
3rd;male;40,5;0;0;15,1;S;no
3rd;male;40,5;0;0;7,75;Q;no
3rd;male;18;0;0;7,7958;S;no
3rd;male;26;0;0;7,8792;Q;no
3rd;female;21;2;2;34,375;S;no
3rd;female;9;2;2;34,375;S;no
3rd;male;18;2;2;34,375;S;no
3rd;male;16;1;3;34,375;S;no
3rd;female;48;1;3;34,375;S;no
3rd;male;25;0;0;7,7417;Q;no
3rd;male;22;0;0;8,05;S;no
3rd;female;16;0;0;7,7333;Q;yes
3rd;male;9;0;2;20,525;S;yes
3rd;male;33;1;1;20,525;S;no
3rd;male;41;0;0;7,85;S;no
3rd;female;31;1;1;20,525;S;yes
3rd;male;38;0;0;7,05;S;no
3rd;male;9;5;2;46,9;S;no
3rd;male;1;5;2;46,9;S;no
3rd;male;11;5;2;46,9;S;no
3rd;female;10;5;2;46,9;S;no
3rd;female;16;5;2;46,9;S;no
3rd;male;14;5;2;46,9;S;no
3rd;male;40;1;6;46,9;S;no
3rd;female;43;1;6;46,9;S;no
3rd;male;51;0;0;8,05;S;no
3rd;male;32;0;0;8,3625;S;no
3rd;male;20;0;0;9,8458;S;no
3rd;male;37;2;0;7,925;S;no
3rd;male;28;2;0;7,925;S;no
3rd;male;19;0;0;7,775;S;no
3rd;female;24;0;0;8,85;S;no
3rd;female;17;0;0;7,7333;Q;no
3rd;male;28;1;0;15,85;S;no
3rd;female;24;1;0;15,85;S;yes
3rd;male;20;0;0;9,5;S;no
3rd;male;23,5;0;0;7,2292;C;no
3rd;male;41;2;0;14,1083;S;no
3rd;male;26;1;0;7,8542;S;no
3rd;male;21;0;0;7,8542;S;no
3rd;female;45;1;0;14,1083;S;yes
3rd;male;25;0;0;7,25;S;no
3rd;male;11;0;0;18,7875;C;no
3rd;male;27;0;0;6,975;S;yes
3rd;female;18;0;0;6,75;Q;no
3rd;female;26;0;0;7,925;S;yes
3rd;female;23;0;0;7,925;S;no
3rd;female;22;0;0;8,9625;S;yes
3rd;male;28;0;0;7,8958;S;no
3rd;female;28;0;0;7,775;S;no
3rd;female;2;0;1;12,2875;S;yes
3rd;female;22;1;1;12,2875;S;yes
3rd;male;43;0;0;6,45;S;no
3rd;male;28;0;0;22,525;S;no
3rd;female;27;0;0;7,925;S;yes
3rd;male;42;0;0;7,65;S;no
3rd;male;30;0;0;7,2292;C;no
3rd;female;27;1;0;7,925;S;no
3rd;female;25;1;0;7,925;S;no
3rd;male;29;0;0;7,8958;C;yes
3rd;male;21;0;0;7,7958;S;yes
3rd;male;20;0;0;7,8542;S;no
3rd;male;48;0;0;7,8542;S;no
3rd;male;17;1;0;7,0542;S;no
3rd;male;34;0;0;6,4958;S;no
3rd;male;26;0;0;7,775;S;yes
3rd;male;22;0;0;7,7958;S;no
3rd;male;33;0;0;8,6542;S;no
3rd;male;31;0;0;7,775;S;no
3rd;male;29;0;0;7,8542;S;no
3rd;male;4;1;1;11,1333;S;yes
3rd;female;1;1;1;11,1333;S;yes
3rd;male;49;0;0;0;S;no
3rd;male;33;0;0;7,775;S;no
3rd;male;19;0;0;0;S;no
3rd;female;27;0;2;11,1333;S;yes
3rd;male;23;0;0;7,8958;S;no
3rd;male;32;0;0;7,8542;S;yes
3rd;male;27;0;0;7,8542;S;no
3rd;female;20;1;0;9,825;S;no
3rd;female;21;1;0;9,825;S;no
3rd;male;32;0;0;7,925;S;yes
3rd;male;17;0;0;7,125;S;no
3rd;male;21;0;0;8,4333;S;no
3rd;male;30;0;0;7,8958;S;no
3rd;male;21;0;0;7,7958;S;yes
3rd;male;33;0;0;7,8542;S;no
3rd;male;22;0;0;7,5208;S;no
3rd;female;4;0;1;13,4167;C;yes
3rd;male;39;0;1;13,4167;C;yes
3rd;male;18,5;0;0;7,2292;C;no
3rd;male;34,5;0;0;7,8292;Q;no
3rd;male;44;0;0;8,05;S;no
3rd;female;22;2;0;8,6625;S;no
3rd;male;26;2;0;8,6625;S;no
3rd;female;4;0;2;22,025;S;yes
3rd;male;29;3;1;22,025;S;yes
3rd;female;26;1;1;22,025;S;yes
3rd;female;1;1;1;12,1833;S;no
3rd;male;18;1;1;7,8542;S;no
3rd;female;36;0;2;12,1833;S;no
3rd;male;25;0;0;7,2292;C;yes
3rd;female;37;0;0;9,5875;S;no
3rd;female;22;0;0;7,25;S;yes
3rd;male;26;0;0;56,4958;S;yes
3rd;male;29;0;0;9,4833;S;no
3rd;male;29;0;0;7,775;S;no
3rd;male;22;0;0;7,775;S;no
3rd;male;22;0;0;7,225;C;yes
3rd;male;32;0;0;7,925;S;no
3rd;male;34,5;0;0;6,4375;C;no
3rd;male;36;0;0;0;S;no
3rd;male;39;0;0;24,15;S;no
3rd;male;24;0;0;9,5;S;no
3rd;female;25;0;0;7,775;S;no
3rd;female;45;0;0;7,75;S;no
3rd;male;36;1;0;15,55;S;no
3rd;female;30;1;0;15,55;S;no
3rd;male;20;1;0;7,925;S;yes
3rd;male;28;0;0;56,4958;S;no
3rd;male;30;1;0;16,1;S;no
3rd;female;26;1;0;16,1;S;no
3rd;male;20,5;0;0;7,25;S;no
3rd;male;27;0;0;8,6625;S;yes
3rd;male;51;0;0;7,0542;S;no
3rd;female;23;0;0;7,8542;S;yes
3rd;male;32;0;0;7,5792;S;yes
3rd;male;24;0;0;7,1417;S;yes
3rd;male;22;0;0;7,125;S;no
3rd;male;29;0;0;7,925;S;no
3rd;female;30,5;0;0;7,75;Q;no
3rd;male;35;0;0;7,8958;C;no
3rd;male;33;0;0;7,8958;S;no
3rd;female;15;0;0;8,0292;Q;yes
3rd;female;35;0;0;7,75;Q;no
3rd;male;24;1;0;16,1;S;no
3rd;female;19;1;0;16,1;S;no
3rd;male;55,5;0;0;8,05;S;no
3rd;male;21;0;0;7,775;S;yes
3rd;male;24;0;0;7,8958;S;no
3rd;male;21;0;0;7,8958;S;no
3rd;male;28;0;0;7,8958;S;no
3rd;male;25;0;0;7,65;S;no
3rd;male;6;0;1;12,475;S;yes
3rd;female;27;0;1;12,475;S;yes
3rd;male;34;0;0;8,05;S;no
3rd;female;24;0;0;7,75;Q;yes
3rd;male;18;0;0;7,75;S;no
3rd;male;22;0;0;7,8958;S;no
3rd;female;15;0;0;7,225;C;yes
3rd;female;1;0;2;15,7417;C;yes
3rd;male;20;1;1;15,7417;C;yes
3rd;female;19;1;1;15,7417;C;yes
3rd;male;33;0;0;8,05;S;no
3rd;male;12;1;0;11,2417;C;yes
3rd;female;14;1;0;11,2417;C;yes
3rd;female;29;0;0;7,925;S;no
3rd;male;28;0;0;8,05;S;no
3rd;female;18;0;0;7,775;S;yes
3rd;female;26;0;0;7,8542;S;yes
3rd;male;21;0;0;7,8542;S;no
3rd;male;41;0;0;7,125;S;no
3rd;male;39;0;0;7,925;S;yes
3rd;male;21;0;0;7,8;S;no
3rd;male;28,5;0;0;7,2292;C;no
3rd;female;22;0;0;7,75;S;yes
3rd;male;61;0;0;6,2375;S;no
3rd;male;23;0;0;9,225;S;no
3rd;female;22;0;0;7,775;S;yes
3rd;male;9;0;1;3,1708;S;yes
3rd;male;28;0;0;22,525;S;no
3rd;male;42;0;1;8,4042;S;no
3rd;female;31;0;0;7,8542;S;no
3rd;male;28;0;0;7,8542;S;no
3rd;male;32;0;0;7,775;S;yes
3rd;male;20;0;0;9,225;S;no
3rd;female;23;0;0;8,6625;S;no
3rd;female;20;0;0;8,6625;S;no
3rd;male;20;0;0;8,6625;S;no
3rd;male;16;0;0;9,2167;S;no
3rd;female;31;0;0;8,6833;S;yes
3rd;male;2;3;1;21,075;S;no
3rd;male;6;3;1;21,075;S;no
3rd;female;3;3;1;21,075;S;no
3rd;female;8;3;1;21,075;S;no
3rd;female;29;0;4;21,075;S;no
3rd;male;1;4;1;39,6875;S;no
3rd;male;7;4;1;39,6875;S;no
3rd;male;2;4;1;39,6875;S;no
3rd;male;16;4;1;39,6875;S;no
3rd;male;14;4;1;39,6875;S;no
3rd;female;41;0;5;39,6875;S;no
3rd;male;21;0;0;8,6625;S;no
3rd;male;19;0;0;14,5;S;no
3rd;male;32;0;0;7,8958;S;no
3rd;male;0,75;1;1;13,775;S;no
3rd;female;3;1;1;13,775;S;no
3rd;female;26;0;2;13,775;S;no
3rd;male;21;0;0;7,925;S;no
3rd;male;25;0;0;7,925;S;no
3rd;male;22;0;0;7,25;S;no
3rd;male;25;1;0;7,775;S;yes
3rd;male;24;0;0;8,05;S;no
3rd;female;28;0;0;7,8958;S;no
3rd;male;19;0;0;7,8958;S;no
3rd;male;25;1;0;7,775;S;no
3rd;female;18;0;0;7,775;S;no
3rd;male;32;0;0;8,05;S;yes
3rd;male;17;0;0;8,6625;S;no
3rd;male;24;0;0;8,6625;S;no
3rd;male;38;0;0;7,8958;S;no
3rd;male;21;0;0;8,05;S;no
3rd;male;10;4;1;29,125;Q;no
3rd;male;4;4;1;29,125;Q;no
3rd;male;7;4;1;29,125;Q;no
3rd;male;2;4;1;29,125;Q;no
3rd;male;8;4;1;29,125;Q;no
3rd;female;39;0;5;29,125;Q;no
3rd;female;22;0;0;39,6875;S;no
3rd;male;35;0;0;7,125;S;no
3rd;male;50;1;0;14,5;S;no
3rd;female;47;1;0;14,5;S;no
3rd;female;2;1;1;20,2125;S;no
3rd;male;18;1;1;20,2125;S;no
3rd;female;41;0;2;20,2125;S;no
3rd;male;50;0;0;8,05;S;no
3rd;male;16;0;0;8,05;S;no
3rd;male;25;0;0;7,225;C;no
3rd;male;38,5;0;0;7,25;S;no
3rd;male;14,5;8;2;69,55;S;no
3rd;male;24;0;0;9,325;S;no
3rd;female;21;0;0;7,65;S;yes
3rd;male;39;0;0;7,925;S;no
3rd;female;1;1;1;16,7;S;yes
3rd;female;24;0;2;16,7;S;yes
3rd;female;4;1;1;16,7;S;yes
3rd;male;25;0;0;9,5;S;yes
3rd;male;20;0;0;8,05;S;no
3rd;male;24,5;0;0;8,05;S;no
3rd;male;29;0;0;9,5;S;yes
3rd;male;22;0;0;7,2292;C;no
3rd;male;40;0;0;7,8958;S;no
3rd;male;21;0;0;7,925;S;no
3rd;female;18;0;0;7,4958;S;yes
3rd;male;4;3;2;27,9;S;no
3rd;male;10;3;2;27,9;S;no
3rd;female;9;3;2;27,9;S;no
3rd;female;2;3;2;27,9;S;no
3rd;male;40;1;4;27,9;S;no
3rd;female;45;1;4;27,9;S;no
3rd;male;19;0;0;7,65;S;no
3rd;male;30;0;0;8,05;S;no
3rd;male;32;0;0;8,05;S;no
3rd;male;33;0;0;8,6625;C;no
3rd;female;23;0;0;7,55;S;yes
3rd;male;21;0;0;8,05;S;no
3rd;male;19;0;0;7,8958;S;no
3rd;female;22;0;0;9,8375;S;no
3rd;male;31;0;0;7,925;S;yes
3rd;male;27;0;0;8,6625;S;no
3rd;female;2;0;1;10,4625;S;no
3rd;female;29;1;1;10,4625;S;no
3rd;male;16;0;0;8,05;S;yes
3rd;male;44;0;0;7,925;S;yes
3rd;male;25;0;0;7,05;S;no
3rd;male;74;0;0;7,775;S;no
3rd;male;14;0;0;9,225;S;yes
3rd;male;24;0;0;7,7958;S;no
3rd;male;25;0;0;7,7958;S;yes
3rd;male;34;0;0;8,05;S;no
3rd;male;0,4167;0;1;8,5167;C;yes
3rd;female;16;1;1;8,5167;C;yes
3rd;male;32;0;0;7,925;S;no
3rd;male;30,5;0;0;8,05;S;no
3rd;male;44;0;0;8,05;S;no
3rd;male;25;0;0;0;S;yes
3rd;male;7;1;1;15,2458;C;yes
3rd;female;9;1;1;15,2458;C;yes
3rd;female;29;0;2;15,2458;C;yes
3rd;male;36;0;0;7,8958;S;no
3rd;female;18;0;0;9,8417;S;yes
3rd;female;63;0;0;9,5875;S;yes
3rd;male;11,5;1;1;14,5;S;no
3rd;male;40,5;0;2;14,5;S;no
3rd;female;10;0;2;24,15;S;no
3rd;male;36;1;1;24,15;S;no
3rd;female;30;1;1;24,15;S;no
3rd;male;33;0;0;9,5;S;no
3rd;male;28;0;0;9,5;S;no
3rd;male;28;0;0;9,5;S;no
3rd;male;47;0;0;9;S;no
3rd;female;18;2;0;18;S;no
3rd;male;31;3;0;18;S;no
3rd;male;16;2;0;18;S;no
3rd;female;31;1;0;18;S;no
3rd;male;22;0;0;7,225;C;yes
3rd;male;20;0;0;7,8542;S;no
3rd;female;14;0;0;7,8542;S;no
3rd;male;22;0;0;7,8958;S;no
3rd;male;22;0;0;9;S;no
3rd;male;32,5;0;0;9,5;S;no
3rd;female;38;0;0;7,2292;C;yes
3rd;male;51;0;0;7,75;S;no
3rd;male;18;1;0;6,4958;S;no
3rd;male;21;1;0;6,4958;S;no
3rd;female;47;1;0;7;S;yes
3rd;male;28,5;0;0;16,1;S;no
3rd;male;21;0;0;7,25;S;no
3rd;male;27;0;0;8,6625;S;no
3rd;male;36;0;0;9,5;S;no
3rd;male;27;1;0;14,4542;C;no
3rd;female;15;1;0;14,4542;C;yes
3rd;male;45,5;0;0;7,225;C;no
3rd;female;14,5;1;0;14,4542;C;no
3rd;male;26,5;0;0;7,225;C;no
3rd;male;27;0;0;7,225;C;no
3rd;male;29;0;0;7,875;S;no
